Time,DATA CENTER ZONE::Des Heat Load [W],DATA CENTER ZONE:SAN DIEGO ANN CLG .4% CONDNS DB=>MWB:Des Sens Cool Load [W],DATA CENTER ZONE::Des Heat Mass Flow [kg/s],DATA CENTER ZONE:SAN DIEGO ANN CLG .4% CONDNS DB=>MWB:Des Cool Mass Flow [kg/s],DATA CENTER ZONE::Des Latent Heat Load [W],DATA CENTER ZONE::Des Latent Cool Load [W],DATA CENTER ZONE::Des Latent Heat Mass Flow [kg/s],DATA CENTER ZONE::Des Latent Cool Mass Flow [kg/s],DATA CENTER ZONE::Des Heat Load No DOAS [W],DATA CENTER ZONE::Des Sens Cool Load No DOAS [W],DATA CENTER ZONE::Des Latent Heat Load No DOAS [W],DATA CENTER ZONE::Des Latent Cool Load No DOAS [W],DATA CENTER ZONE::Heating Zone Temperature [C],DATA CENTER ZONE::Heating Zone Relative Humidity [%],DATA CENTER ZONE:SAN DIEGO ANN CLG .4% CONDNS DB=>MWB:Cooling Zone Temperature [C],DATA CENTER ZONE:SAN DIEGO ANN CLG .4% CONDNS DB=>MWB:Cooling Zone Relative Humidity [%]
01:00:00,0.000000E+00,1.642525E+07,0.000000E+00,1.949597E+03,0.000000E+00,0.000000E+00,0.000000E+00,0.000000E+00,0.000000E+00,0.000000E+00,0.000000E+00,0.000000E+00,0.000000E+00,0.000000E+00,2.825456E+01,3.558628E+01
02:00:00,0.000000E+00,1.642301E+07,0.000000E+00,1.949332E+03,0.000000E+00,0.000000E+00,0.000000E+00,0.000000E+00,0.000000E+00,0.000000E+00,0.000000E+00,0.000000E+00,0.000000E+00,0.000000E+00,2.825456E+01,3.558628E+01
03:00:00,0.000000E+00,1.642123E+07,0.000000E+00,1.949119E+03,0.000000E+00,0.000000E+00,0.000000E+00,0.000000E+00,0.000000E+00,0.000000E+00,0.000000E+00,0.000000E+00,0.000000E+00,0.000000E+00,2.825456E+01,3.558628E+01
04:00:00,0.000000E+00,1.641971E+07,0.000000E+00,1.948940E+03,0.000000E+00,0.000000E+00,0.000000E+00,0.000000E+00,0.000000E+00,0.000000E+00,0.000000E+00,0.000000E+00,0.000000E+00,0.000000E+00,2.825456E+01,3.558628E+01
05:00:00,0.000000E+00,1.641845E+07,0.000000E+00,1.948790E+03,0.000000E+00,0.000000E+00,0.000000E+00,0.000000E+00,0.000000E+00,0.000000E+00,0.000000E+00,0.000000E+00,0.000000E+00,0.000000E+00,2.825456E+01,3.558628E+01
06:00:00,0.000000E+00,1.642073E+07,0.000000E+00,1.949061E+03,0.000000E+00,0.000000E+00,0.000000E+00,0.000000E+00,0.000000E+00,0.000000E+00,0.000000E+00,0.000000E+00,0.000000E+00,0.000000E+00,2.825456E+01,3.558628E+01
07:00:00,0.000000E+00,1.644441E+07,0.000000E+00,1.951872E+03,0.000000E+00,0.000000E+00,0.000000E+00,0.000000E+00,0.000000E+00,0.000000E+00,0.000000E+00,0.000000E+00,0.000000E+00,0.000000E+00,2.825456E+01,3.558628E+01
08:00:00,0.000000E+00,1.647784E+07,0.000000E+00,1.955839E+03,0.000000E+00,0.000000E+00,0.000000E+00,0.000000E+00,0.000000E+00,0.000000E+00,0.000000E+00,0.000000E+00,0.000000E+00,0.000000E+00,2.825456E+01,3.558628E+01
09:00:00,0.000000E+00,1.651102E+07,0.000000E+00,1.959778E+03,0.000000E+00,0.000000E+00,0.000000E+00,0.000000E+00,0.000000E+00,0.000000E+00,0.000000E+00,0.000000E+00,0.000000E+00,0.000000E+00,2.825456E+01,3.558628E+01
10:00:00,0.000000E+00,1.653941E+07,0.000000E+00,1.963147E+03,0.000000E+00,0.000000E+00,0.000000E+00,0.000000E+00,0.000000E+00,0.000000E+00,0.000000E+00,0.000000E+00,0.000000E+00,0.000000E+00,2.825456E+01,3.558628E+01
11:00:00,0.000000E+00,1.656125E+07,0.000000E+00,1.965739E+03,0.000000E+00,0.000000E+00,0.000000E+00,0.000000E+00,0.000000E+00,0.000000E+00,0.000000E+00,0.000000E+00,0.000000E+00,0.000000E+00,2.825456E+01,3.558628E+01
12:00:00,0.000000E+00,1.657588E+07,0.000000E+00,1.967476E+03,0.000000E+00,0.000000E+00,0.000000E+00,0.000000E+00,0.000000E+00,0.000000E+00,0.000000E+00,0.000000E+00,0.000000E+00,0.000000E+00,2.825456E+01,3.558628E+01
13:00:00,0.000000E+00,1.658328E+07,0.000000E+00,1.968355E+03,0.000000E+00,0.000000E+00,0.000000E+00,0.000000E+00,0.000000E+00,0.000000E+00,0.000000E+00,0.000000E+00,0.000000E+00,0.000000E+00,2.825456E+01,3.558628E+01
14:00:00,0.000000E+00,1.658338E+07,0.000000E+00,1.968367E+03,0.000000E+00,0.000000E+00,0.000000E+00,0.000000E+00,0.000000E+00,0.000000E+00,0.000000E+00,0.000000E+00,0.000000E+00,0.000000E+00,2.825456E+01,3.558628E+01
15:00:00,0.000000E+00,1.657576E+07,0.000000E+00,1.967462E+03,0.000000E+00,0.000000E+00,0.000000E+00,0.000000E+00,0.000000E+00,0.000000E+00,0.000000E+00,0.000000E+00,0.000000E+00,0.000000E+00,2.825456E+01,3.558628E+01
16:00:00,0.000000E+00,1.655988E+07,0.000000E+00,1.965577E+03,0.000000E+00,0.000000E+00,0.000000E+00,0.000000E+00,0.000000E+00,0.000000E+00,0.000000E+00,0.000000E+00,0.000000E+00,0.000000E+00,2.825456E+01,3.558628E+01
17:00:00,0.000000E+00,1.653571E+07,0.000000E+00,1.962708E+03,0.000000E+00,0.000000E+00,0.000000E+00,0.000000E+00,0.000000E+00,0.000000E+00,0.000000E+00,0.000000E+00,0.000000E+00,0.000000E+00,2.825456E+01,3.558628E+01
18:00:00,0.000000E+00,1.650405E+07,0.000000E+00,1.958950E+03,0.000000E+00,0.000000E+00,0.000000E+00,0.000000E+00,0.000000E+00,0.000000E+00,0.000000E+00,0.000000E+00,0.000000E+00,0.000000E+00,2.825456E+01,3.558628E+01
19:00:00,0.000000E+00,1.647108E+07,0.000000E+00,1.955036E+03,0.000000E+00,0.000000E+00,0.000000E+00,0.000000E+00,0.000000E+00,0.000000E+00,0.000000E+00,0.000000E+00,0.000000E+00,0.000000E+00,2.825456E+01,3.558628E+01
20:00:00,0.000000E+00,1.645114E+07,0.000000E+00,1.952671E+03,0.000000E+00,0.000000E+00,0.000000E+00,0.000000E+00,0.000000E+00,0.000000E+00,0.000000E+00,0.000000E+00,0.000000E+00,0.000000E+00,2.825456E+01,3.558628E+01
21:00:00,0.000000E+00,1.644156E+07,0.000000E+00,1.951534E+03,0.000000E+00,0.000000E+00,0.000000E+00,0.000000E+00,0.000000E+00,0.000000E+00,0.000000E+00,0.000000E+00,0.000000E+00,0.000000E+00,2.825456E+01,3.558628E+01
22:00:00,0.000000E+00,1.643574E+07,0.000000E+00,1.950842E+03,0.000000E+00,0.000000E+00,0.000000E+00,0.000000E+00,0.000000E+00,0.000000E+00,0.000000E+00,0.000000E+00,0.000000E+00,0.000000E+00,2.825456E+01,3.558628E+01
23:00:00,0.000000E+00,1.643149E+07,0.000000E+00,1.950338E+03,0.000000E+00,0.000000E+00,0.000000E+00,0.000000E+00,0.000000E+00,0.000000E+00,0.000000E+00,0.000000E+00,0.000000E+00,0.000000E+00,2.825456E+01,3.558628E+01
24:00:00,0.000000E+00,1.642808E+07,0.000000E+00,1.949933E+03,0.000000E+00,0.000000E+00,0.000000E+00,0.000000E+00,0.000000E+00,0.000000E+00,0.000000E+00,0.000000E+00,0.000000E+00,0.000000E+00,2.825456E+01,3.558628E+01
Peak,0.000000E+00,1.658338E+07,0.000000E+00,1.968367E+03,0.000000E+00,0.000000E+00,0.000000E+00,0.000000E+00,0.000000E+00,0.000000E+00,0.000000E+00,0.000000E+00,,,,

Peak Vol Flow (m3/s),,,0.000000E+00,1.635213E+03,,,0.000000E+00,0.000000E+00,,,,,,,,
